archetype,dose,seed,v5_side,outcome,reward_v5,reward_arch,score_v5,score_arch,steps,status_v5,status_arch,seconds
half_drainer,0,20001,1,v5,1,-1,1692.0,0.0,85,DONE,DONE,2.4
half_drainer,0,20004,0,v5,1,-1,2428.0,0.0,99,DONE,DONE,3.0
half_drainer,0,20006,0,v5,1,-1,3501.0,0.0,128,DONE,DONE,3.9
half_drainer,0,20003,1,v5,1,-1,2566.0,0.0,147,DONE,DONE,7.5
half_drainer,0,20005,1,v5,1,-1,1226.0,0.0,112,DONE,DONE,5.9
half_drainer,0,20002,0,v5,1,-1,5393.0,0.0,123,DONE,DONE,6.4
half_drainer,0,20000,0,v5,1,-1,4884.0,0.0,133,DONE,DONE,7.6
half_drainer,0,20007,1,v5,1,-1,6005.0,0.0,134,DONE,DONE,5.4
half_drainer,0,20013,1,v5,1,-1,3679.0,0.0,112,DONE,DONE,4.0
half_drainer,0,20008,0,v5,1,-1,4819.0,0.0,141,DONE,DONE,7.0
half_drainer,0,20011,1,v5,1,-1,2366.0,0.0,127,DONE,DONE,4.7
half_drainer,0,20009,1,v5,1,-1,2407.0,0.0,121,DONE,DONE,6.7
half_drainer,0,20012,0,v5,1,-1,4443.0,0.0,92,DONE,DONE,6.7
half_drainer,0,20010,0,v5,1,-1,6392.0,0.0,128,DONE,DONE,9.0
half_drainer,0,20015,1,v5,1,-1,4906.0,0.0,116,DONE,DONE,5.2
half_drainer,0,20014,0,v5,1,-1,3269.0,0.0,114,DONE,DONE,6.2
half_drainer,0,20016,0,v5,1,-1,4918.0,0.0,141,DONE,DONE,8.2
half_drainer,0,20017,1,v5,1,-1,3395.0,0.0,111,DONE,DONE,8.3
half_drainer,0,20019,1,v5,1,-1,1892.0,0.0,108,DONE,DONE,6.9
half_drainer,0,20018,0,v5,1,-1,5577.0,0.0,127,DONE,DONE,9.7
half_drainer,0,20024,0,v5,1,-1,252.0,0.0,60,DONE,DONE,2.4
half_drainer,0,20022,0,v5,1,-1,1928.0,0.0,110,DONE,DONE,6.6
half_drainer,0,20023,1,v5,1,-1,2763.0,0.0,102,DONE,DONE,8.1
half_drainer,0,20025,1,v5,1,-1,3542.0,0.0,89,DONE,DONE,7.6
half_drainer,0,20021,1,v5,1,-1,6610.0,0.0,136,DONE,DONE,5.7
half_drainer,0,20020,0,v5,1,-1,2373.0,0.0,116,DONE,DONE,8.0
half_drainer,0,20029,1,v5,1,-1,4062.0,0.0,123,DONE,DONE,6.1
half_drainer,0,20027,1,v5,1,-1,446.0,0.0,132,DONE,DONE,4.9
half_drainer,0,20030,0,v5,1,-1,3045.0,0.0,134,DONE,DONE,8.2
half_drainer,0,20026,0,v5,1,-1,482.0,0.0,67,DONE,DONE,4.3
half_drainer,0,20033,1,v5,1,-1,2731.0,0.0,95,DONE,DONE,4.1
half_drainer,0,20034,0,v5,1,-1,4652.0,0.0,107,DONE,DONE,4.6
half_drainer,0,20036,0,v5,1,-1,3753.0,0.0,87,DONE,DONE,3.9
half_drainer,0,20032,0,v5,1,-1,6736.0,0.0,121,DONE,DONE,10.4
half_drainer,0,20028,0,v5,1,-1,1134.0,0.0,117,DONE,DONE,7.9
half_drainer,0,20038,0,v5,1,-1,1172.0,0.0,111,DONE,DONE,4.5
half_drainer,0,20035,1,v5,1,-1,5222.0,0.0,144,DONE,DONE,11.6
half_drainer,0,20037,1,v5,1,-1,4084.0,0.0,145,DONE,DONE,7.4
half_drainer,0,20031,1,v5,1,-1,4837.0,0.0,143,DONE,DONE,10.1
half_drainer,0,20040,0,v5,1,-1,6867.0,0.0,144,DONE,DONE,9.3
half_drainer,0,20041,1,v5,1,-1,3850.0,0.0,120,DONE,DONE,5.9
half_drainer,0,20045,1,v5,1,-1,4034.0,0.0,105,DONE,DONE,4.3
half_drainer,0,20039,1,v5,1,-1,3783.0,0.0,212,DONE,DONE,14.2
half_drainer,0,20042,0,v5,1,-1,590.0,0.0,206,DONE,DONE,11.4
half_drainer,0,20047,1,v5,1,-1,588.0,0.0,80,DONE,DONE,3.0
half_drainer,0,20046,0,v5,1,-1,5041.0,0.0,128,DONE,DONE,9.5
half_drainer,0,20048,0,v5,1,-1,2429.0,0.0,99,DONE,DONE,4.3
half_drainer,0,20044,0,v5,1,-1,3478.0,0.0,118,DONE,DONE,8.6
half_drainer,0,20043,1,v5,1,-1,5419.0,0.0,133,DONE,DONE,10.2
half_drainer,0,20051,1,v5,1,-1,3992.0,0.0,120,DONE,DONE,6.5
half_drainer,0,20049,1,v5,1,-1,3402.0,0.0,94,DONE,DONE,4.6
half_drainer,0,20050,0,v5,1,-1,2722.0,0.0,112,DONE,DONE,7.4
half_drainer,0,20053,1,v5,1,-1,4477.0,0.0,126,DONE,DONE,10.4
half_drainer,0,20054,0,v5,1,-1,2521.0,0.0,117,DONE,DONE,9.3
half_drainer,0,20056,0,v5,1,-1,7480.0,0.0,161,DONE,DONE,8.3
half_drainer,0,20060,0,v5,1,-1,1862.0,0.0,76,DONE,DONE,3.1
half_drainer,0,20057,1,v5,1,-1,2923.0,0.0,108,DONE,DONE,7.4
half_drainer,0,20055,1,v5,1,-1,4798.0,0.0,127,DONE,DONE,6.5
half_drainer,0,20052,0,v5,1,-1,4351.0,0.0,160,DONE,DONE,10.9
half_drainer,0,20058,0,v5,1,-1,2293.0,0.0,123,DONE,DONE,10.2
half_drainer,0,20063,1,v5,1,-1,1872.0,0.0,84,DONE,DONE,4.7
half_drainer,0,20059,1,v5,1,-1,4517.0,0.0,126,DONE,DONE,11.8
half_drainer,0,20061,1,v5,1,-1,7088.0,0.0,111,DONE,DONE,7.3
half_drainer,0,20066,0,v5,1,-1,2366.0,0.0,72,DONE,DONE,4.9
half_drainer,0,20064,0,v5,1,-1,1425.0,0.0,139,DONE,DONE,12.8
half_drainer,0,20062,0,v5,1,-1,3494.0,0.0,129,DONE,DONE,14.5
half_drainer,0,20065,1,v5,1,-1,4091.0,0.0,115,DONE,DONE,12.3
half_drainer,0,20067,1,v5,1,-1,1005.0,0.0,119,DONE,DONE,10.9
half_drainer,0,20069,1,v5,1,-1,4552.0,0.0,122,DONE,DONE,8.4
half_drainer,0,20071,1,v5,1,-1,4746.0,0.0,117,DONE,DONE,7.6
half_drainer,0,20070,0,v5,1,-1,5400.0,0.0,107,DONE,DONE,9.5
half_drainer,0,20068,0,v5,1,-1,2616.0,0.0,88,DONE,DONE,9.4
half_drainer,0,20075,1,v5,1,-1,2499.0,0.0,123,DONE,DONE,7.5
half_drainer,0,20073,1,v5,1,-1,1418.0,0.0,73,DONE,DONE,4.4
half_drainer,0,20077,1,v5,1,-1,2808.0,0.0,126,DONE,DONE,7.3
half_drainer,0,20072,0,v5,1,-1,2613.0,0.0,117,DONE,DONE,11.6
half_drainer,0,20074,0,v5,1,-1,4302.0,0.0,122,DONE,DONE,6.6
half_drainer,0,20079,1,v5,1,-1,5581.0,0.0,113,DONE,DONE,6.7
half_drainer,0,20078,0,v5,1,-1,3414.0,0.0,125,DONE,DONE,10.2
half_drainer,0,20083,1,v5,1,-1,4225.0,0.0,100,DONE,DONE,5.8
half_drainer,0,20076,0,v5,1,-1,2615.0,0.0,71,DONE,DONE,10.2
half_drainer,0,20081,1,v5,1,-1,6451.0,0.0,133,DONE,DONE,10.9
half_drainer,0,20080,0,v5,1,-1,1073.0,0.0,68,DONE,DONE,6.2
half_drainer,0,20084,0,v5,1,-1,6221.0,0.0,122,DONE,DONE,10.2
half_drainer,0,20082,0,v5,1,-1,2908.0,0.0,137,DONE,DONE,13.8
half_drainer,0,20085,1,v5,1,-1,2733.0,0.0,122,DONE,DONE,6.8
half_drainer,0,20087,1,v5,1,-1,829.0,0.0,88,DONE,DONE,5.0
half_drainer,0,20091,1,v5,1,-1,6696.0,0.0,130,DONE,DONE,8.5
half_drainer,0,20092,0,v5,1,-1,4178.0,0.0,135,DONE,DONE,8.6
half_drainer,0,20090,0,v5,1,-1,4475.0,0.0,112,DONE,DONE,10.7
half_drainer,0,20089,1,v5,1,-1,3128.0,0.0,134,DONE,DONE,12.7
half_drainer,0,20088,0,v5,1,-1,3381.0,0.0,136,DONE,DONE,13.3
half_drainer,0,20093,1,v5,1,-1,3239.0,0.0,105,DONE,DONE,7.4
half_drainer,0,20086,0,v5,1,-1,3028.0,0.0,138,DONE,DONE,9.9
half_drainer,0,20095,1,v5,1,-1,2118.0,0.0,117,DONE,DONE,11.5
half_drainer,0,20094,0,v5,1,-1,3768.0,0.0,126,DONE,DONE,13.5
half_drainer,0,20098,0,v5,1,-1,4359.0,0.0,130,DONE,DONE,10.9
half_drainer,0,20097,1,v5,1,-1,4503.0,0.0,115,DONE,DONE,7.0
half_drainer,0,20100,0,v5,1,-1,4740.0,0.0,125,DONE,DONE,7.4
half_drainer,0,20096,0,v5,1,-1,4583.0,0.0,113,DONE,DONE,11.0
half_drainer,0,20099,1,v5,1,-1,2642.0,0.0,77,DONE,DONE,7.4
half_drainer,0,20102,0,v5,1,-1,1996.0,0.0,125,DONE,DONE,10.7
half_drainer,0,20103,1,v5,1,-1,4300.0,0.0,146,DONE,DONE,11.1
half_drainer,0,20105,1,v5,1,-1,816.0,0.0,88,DONE,DONE,8.0
half_drainer,0,20104,0,v5,1,-1,1506.0,0.0,79,DONE,DONE,4.3
half_drainer,0,20106,0,v5,1,-1,1699.0,0.0,213,DONE,DONE,11.1
half_drainer,0,20101,1,v5,1,-1,2425.0,0.0,81,DONE,DONE,8.2
half_drainer,0,20111,1,v5,1,-1,2520.0,0.0,91,DONE,DONE,3.7
half_drainer,0,20110,0,v5,1,-1,5085.0,0.0,136,DONE,DONE,5.3
half_drainer,0,20107,1,v5,1,-1,5544.0,0.0,137,DONE,DONE,11.2
half_drainer,0,20109,1,v5,1,-1,4525.0,0.0,118,DONE,DONE,9.7
half_drainer,0,20108,0,v5,1,-1,3341.0,0.0,159,DONE,DONE,12.2
half_drainer,0,20113,1,v5,1,-1,2444.0,0.0,76,DONE,DONE,4.2
half_drainer,0,20112,0,v5,1,-1,2808.0,0.0,99,DONE,DONE,6.4
half_drainer,0,20115,1,v5,1,-1,1661.0,0.0,79,DONE,DONE,3.9
half_drainer,0,20114,0,v5,1,-1,1647.0,0.0,96,DONE,DONE,6.0
half_drainer,0,20116,0,v5,1,-1,560.0,0.0,70,DONE,DONE,3.2
half_drainer,0,20118,0,v5,1,-1,2753.0,0.0,107,DONE,DONE,7.1
half_drainer,0,20117,1,v5,1,-1,1899.0,0.0,65,DONE,DONE,4.8
half_drainer,1,20003,1,v5,1,-1,1534.0,0.0,123,DONE,DONE,6.0
half_drainer,1,20000,0,v5,1,-1,4153.0,0.0,137,DONE,DONE,11.7
half_drainer,0,20119,1,v5,1,-1,3472.0,0.0,114,DONE,DONE,7.1
half_drainer,1,20002,0,v5,1,-1,4640.0,0.0,108,DONE,DONE,6.7
half_drainer,1,20001,1,v5,1,-1,3042.0,0.0,118,DONE,DONE,6.8
half_drainer,1,20004,0,v5,1,-1,2143.0,0.0,91,DONE,DONE,7.2
half_drainer,1,20005,1,v5,1,-1,2084.0,0.0,125,DONE,DONE,7.2
half_drainer,1,20007,1,v5,1,-1,5095.0,0.0,126,DONE,DONE,10.0
half_drainer,1,20009,1,v5,1,-1,5802.0,0.0,142,DONE,DONE,7.2
half_drainer,1,20011,1,v5,1,-1,6650.0,0.0,126,DONE,DONE,7.0
half_drainer,1,20008,0,v5,1,-1,1302.0,0.0,64,DONE,DONE,5.4
half_drainer,1,20010,0,v5,1,-1,1023.0,0.0,139,DONE,DONE,11.3
half_drainer,1,20013,1,v5,1,-1,3424.0,0.0,122,DONE,DONE,6.2
half_drainer,1,20006,0,v5,1,-1,3887.0,0.0,110,DONE,DONE,8.9
half_drainer,1,20014,0,v5,1,-1,2641.0,0.0,119,DONE,DONE,5.9
half_drainer,1,20012,0,v5,1,-1,4738.0,0.0,133,DONE,DONE,9.9
half_drainer,1,20018,0,v5,1,-1,3366.0,0.0,112,DONE,DONE,6.3
half_drainer,1,20017,1,v5,1,-1,2186.0,0.0,74,DONE,DONE,7.6
half_drainer,1,20016,0,v5,1,-1,2441.0,0.0,103,DONE,DONE,9.2
half_drainer,1,20015,1,v5,1,-1,1921.0,0.0,132,DONE,DONE,12.2
half_drainer,1,20019,1,v5,1,-1,2755.0,0.0,108,DONE,DONE,7.4
half_drainer,1,20021,1,v5,1,-1,3438.0,0.0,133,DONE,DONE,10.6
half_drainer,1,20020,0,v5,1,-1,2154.0,0.0,101,DONE,DONE,10.1
half_drainer,1,20022,0,v5,1,-1,3153.0,0.0,102,DONE,DONE,16.1
half_drainer,1,20026,0,v5,1,-1,3385.0,0.0,138,DONE,DONE,9.4
half_drainer,1,20025,1,v5,1,-1,1048.0,0.0,76,DONE,DONE,5.1
half_drainer,1,20023,1,v5,1,-1,2937.0,0.0,117,DONE,DONE,11.7
half_drainer,1,20029,1,v5,1,-1,3677.0,0.0,107,DONE,DONE,6.8
half_drainer,1,20024,0,v5,1,-1,4646.0,0.0,138,DONE,DONE,14.8
half_drainer,1,20027,1,v5,1,-1,8910.0,0.0,138,DONE,DONE,15.8
half_drainer,1,20028,0,v5,1,-1,4451.0,0.0,123,DONE,DONE,14.6
half_drainer,1,20032,0,v5,1,-1,8256.0,0.0,130,DONE,DONE,9.4
half_drainer,1,20031,1,v5,1,-1,1590.0,0.0,112,DONE,DONE,12.8
half_drainer,1,20033,1,v5,1,-1,1543.0,0.0,91,DONE,DONE,8.4
half_drainer,1,20030,0,v5,1,-1,3857.0,0.0,126,DONE,DONE,9.6
half_drainer,1,20035,1,v5,1,-1,4334.0,0.0,107,DONE,DONE,7.7
half_drainer,1,20034,0,v5,1,-1,2185.0,0.0,127,DONE,DONE,14.1
half_drainer,1,20038,0,v5,1,-1,4993.0,0.0,129,DONE,DONE,11.3
half_drainer,1,20037,1,v5,1,-1,3081.0,0.0,109,DONE,DONE,13.7
half_drainer,1,20036,0,v5,1,-1,1928.0,0.0,98,DONE,DONE,6.2
half_drainer,1,20039,1,v5,1,-1,4428.0,0.0,128,DONE,DONE,13.5
half_drainer,1,20042,0,v5,1,-1,3808.0,0.0,131,DONE,DONE,8.7
half_drainer,1,20044,0,v5,1,-1,2721.0,0.0,130,DONE,DONE,7.7
half_drainer,1,20040,0,v5,1,-1,2058.0,0.0,143,DONE,DONE,17.6
half_drainer,1,20041,1,v5,1,-1,1406.0,0.0,87,DONE,DONE,8.7
half_drainer,1,20046,0,v5,1,-1,3455.0,0.0,85,DONE,DONE,6.6
half_drainer,1,20043,1,v5,1,-1,6743.0,0.0,124,DONE,DONE,17.7
half_drainer,1,20045,1,v5,1,-1,3754.0,0.0,134,DONE,DONE,14.6
half_drainer,1,20049,1,v5,1,-1,4246.0,0.0,132,DONE,DONE,9.7
half_drainer,1,20048,0,v5,1,-1,6559.0,0.0,138,DONE,DONE,16.9
half_drainer,1,20051,1,v5,1,-1,2614.0,0.0,152,DONE,DONE,16.8
half_drainer,1,20052,0,v5,1,-1,2052.0,0.0,131,DONE,DONE,7.9
half_drainer,1,20047,1,v5,1,-1,5326.0,0.0,139,DONE,DONE,16.5
half_drainer,1,20055,1,v5,1,-1,2436.0,0.0,136,DONE,DONE,9.2
half_drainer,1,20054,0,v5,1,-1,3450.0,0.0,151,DONE,DONE,12.7
half_drainer,1,20050,0,v5,1,-1,1075.0,0.0,178,DONE,DONE,18.9
half_drainer,1,20058,0,v5,1,-1,2184.0,0.0,92,DONE,DONE,5.9
half_drainer,1,20056,0,v5,1,-1,3991.0,0.0,120,DONE,DONE,13.6
half_drainer,1,20053,1,v5,1,-1,5234.0,0.0,118,DONE,DONE,15.3
half_drainer,1,20059,1,v5,1,-1,3507.0,0.0,115,DONE,DONE,7.0
half_drainer,1,20061,1,v5,1,-1,5427.0,0.0,118,DONE,DONE,8.4
half_drainer,1,20060,0,v5,1,-1,4126.0,0.0,104,DONE,DONE,12.7
half_drainer,1,20057,1,v5,1,-1,5140.0,0.0,116,DONE,DONE,12.2
half_drainer,1,20062,0,v5,1,-1,2491.0,0.0,122,DONE,DONE,13.8
half_drainer,1,20063,1,v5,1,-1,2689.0,0.0,119,DONE,DONE,13.4
half_drainer,1,20064,0,v5,1,-1,6811.0,0.0,117,DONE,DONE,4.6
half_drainer,1,20070,0,v5,1,-1,1544.0,0.0,103,DONE,DONE,4.9
half_drainer,1,20065,1,v5,1,-1,2426.0,0.0,123,DONE,DONE,6.3
half_drainer,1,20066,0,v5,1,-1,5746.0,0.0,134,DONE,DONE,11.4
half_drainer,1,20069,1,v5,1,-1,7494.0,0.0,133,DONE,DONE,8.9
half_drainer,1,20067,1,v5,1,-1,2671.0,0.0,131,DONE,DONE,12.7
half_drainer,1,20068,0,v5,1,-1,3996.0,0.0,128,DONE,DONE,12.1
half_drainer,1,20071,1,v5,1,-1,2808.0,0.0,111,DONE,DONE,5.0
half_drainer,1,20072,0,v5,1,-1,4027.0,0.0,107,DONE,DONE,6.5
half_drainer,1,20073,1,v5,1,-1,2910.0,0.0,133,DONE,DONE,9.7
half_drainer,1,20076,0,v5,1,-1,2883.0,0.0,115,DONE,DONE,6.5
half_drainer,1,20074,0,v5,1,-1,4025.0,0.0,116,DONE,DONE,10.1
half_drainer,1,20075,1,v5,1,-1,3992.0,0.0,139,DONE,DONE,10.1
half_drainer,1,20077,1,v5,1,-1,2731.0,0.0,99,DONE,DONE,7.9
half_drainer,1,20078,0,v5,1,-1,1472.0,0.0,79,DONE,DONE,3.6
half_drainer,1,20080,0,v5,1,-1,1743.0,0.0,132,DONE,DONE,6.5
half_drainer,1,20082,0,v5,1,-1,4985.0,0.0,136,DONE,DONE,9.1
half_drainer,1,20084,0,v5,1,-1,4399.0,0.0,150,DONE,DONE,6.3
half_drainer,1,20083,1,v5,1,-1,7082.0,0.0,121,DONE,DONE,6.7
half_drainer,1,20081,1,v5,1,-1,1950.0,0.0,114,DONE,DONE,9.2
half_drainer,1,20079,1,v5,1,-1,7190.0,0.0,149,DONE,DONE,13.8
half_drainer,1,20086,0,v5,1,-1,4971.0,0.0,125,DONE,DONE,10.9
half_drainer,1,20088,0,v5,1,-1,3021.0,0.0,112,DONE,DONE,7.7
half_drainer,1,20087,1,v5,1,-1,8966.0,0.0,130,DONE,DONE,9.0
half_drainer,1,20089,1,v5,1,-1,2506.0,0.0,117,DONE,DONE,12.5
half_drainer,1,20091,1,v5,1,-1,6310.0,0.0,128,DONE,DONE,9.0
half_drainer,1,20085,1,v5,1,-1,3634.0,0.0,132,DONE,DONE,15.8
half_drainer,1,20090,0,v5,1,-1,2068.0,0.0,95,DONE,DONE,11.6
half_drainer,1,20093,1,v5,1,-1,2305.0,0.0,99,DONE,DONE,6.6
half_drainer,1,20092,0,v5,1,-1,4643.0,0.0,146,DONE,DONE,16.6
half_drainer,1,20098,0,v5,1,-1,3024.0,0.0,127,DONE,DONE,9.1
half_drainer,1,20094,0,v5,1,-1,2291.0,0.0,99,DONE,DONE,14.2
half_drainer,1,20095,1,v5,1,-1,6833.0,0.0,141,DONE,DONE,14.1
half_drainer,1,20097,1,v5,1,-1,1686.0,0.0,103,DONE,DONE,6.7
half_drainer,1,20096,0,v5,1,-1,6407.0,0.0,134,DONE,DONE,16.7
half_drainer,1,20100,0,v5,1,-1,3055.0,0.0,103,DONE,DONE,7.0
half_drainer,1,20099,1,v5,1,-1,2430.0,0.0,90,DONE,DONE,11.1
half_drainer,1,20103,1,v5,1,-1,6270.0,0.0,128,DONE,DONE,8.5
half_drainer,1,20101,1,v5,1,-1,3165.0,0.0,94,DONE,DONE,13.5
half_drainer,1,20102,0,v5,1,-1,3689.0,0.0,124,DONE,DONE,11.6
half_drainer,1,20104,0,v5,1,-1,1766.0,0.0,116,DONE,DONE,14.1
half_drainer,1,20107,1,v5,1,-1,4853.0,0.0,133,DONE,DONE,8.6
half_drainer,1,20108,0,v5,1,-1,6175.0,0.0,154,DONE,DONE,11.0
half_drainer,1,20110,0,v5,1,-1,4655.0,0.0,127,DONE,DONE,10.8
half_drainer,1,20105,1,v5,1,-1,5142.0,0.0,122,DONE,DONE,11.5
half_drainer,1,20106,0,v5,1,-1,3514.0,0.0,110,DONE,DONE,9.4
half_drainer,1,20114,0,v5,1,-1,3154.0,0.0,119,DONE,DONE,7.7
half_drainer,1,20113,1,v5,1,-1,4181.0,0.0,110,DONE,DONE,8.4
half_drainer,1,20112,0,v5,1,-1,1934.0,0.0,72,DONE,DONE,5.5
half_drainer,1,20117,1,v5,1,-1,2152.0,0.0,71,DONE,DONE,6.9
half_drainer,1,20116,0,v5,1,-1,7746.0,0.0,120,DONE,DONE,7.6
half_drainer,1,20111,1,v5,1,-1,4218.0,0.0,127,DONE,DONE,13.1
half_drainer,1,20118,0,v5,1,-1,2084.0,0.0,118,DONE,DONE,7.2
half_drainer,3,20000,0,v5,1,-1,2612.0,0.0,86,DONE,DONE,7.1
half_drainer,3,20001,1,v5,1,-1,1926.0,0.0,76,DONE,DONE,8.1
half_drainer,1,20115,1,v5,1,-1,2750.0,0.0,94,DONE,DONE,9.9
half_drainer,1,20109,1,v5,1,-1,9369.0,0.0,231,DONE,DONE,28.5
half_drainer,1,20119,1,v5,1,-1,8448.0,0.0,132,DONE,DONE,13.5
half_drainer,3,20004,0,v5,1,-1,1737.0,0.0,74,DONE,DONE,5.1
half_drainer,3,20002,0,v5,1,-1,4938.0,0.0,122,DONE,DONE,10.5
half_drainer,3,20008,0,v5,1,-1,679.0,0.0,105,DONE,DONE,6.7
half_drainer,3,20003,1,v5,1,-1,1583.0,0.0,114,DONE,DONE,12.9
half_drainer,3,20007,1,v5,1,-1,3224.0,0.0,110,DONE,DONE,8.0
half_drainer,3,20006,0,v5,1,-1,3124.0,0.0,124,DONE,DONE,13.6
half_drainer,3,20010,0,v5,1,-1,647.0,0.0,73,DONE,DONE,4.5
half_drainer,3,20005,1,v5,1,-1,2366.0,0.0,85,DONE,DONE,7.6
half_drainer,3,20011,1,v5,1,-1,3770.0,0.0,123,DONE,DONE,13.4
half_drainer,3,20012,0,v5,1,-1,4030.0,0.0,110,DONE,DONE,12.2
half_drainer,3,20009,1,v5,1,-1,1663.0,0.0,143,DONE,DONE,10.0
half_drainer,3,20015,1,v5,1,-1,1128.0,0.0,95,DONE,DONE,10.0
half_drainer,3,20016,0,v5,1,-1,1582.0,0.0,110,DONE,DONE,6.5
half_drainer,3,20017,1,v5,1,-1,3936.0,0.0,115,DONE,DONE,8.5
half_drainer,3,20013,1,v5,1,-1,3793.0,0.0,120,DONE,DONE,15.1
half_drainer,3,20014,0,v5,1,-1,4185.0,0.0,109,DONE,DONE,13.6
half_drainer,3,20021,1,v5,1,-1,391.0,0.0,89,DONE,DONE,5.2
half_drainer,3,20019,1,v5,1,-1,5233.0,0.0,122,DONE,DONE,15.3
half_drainer,3,20024,0,v5,1,-1,1818.0,0.0,78,DONE,DONE,5.4
half_drainer,3,20020,0,v5,1,-1,3357.0,0.0,126,DONE,DONE,9.1
half_drainer,3,20023,1,v5,1,-1,3153.0,0.0,128,DONE,DONE,12.2
half_drainer,3,20018,0,v5,1,-1,5240.0,0.0,124,DONE,DONE,11.0
half_drainer,3,20022,0,v5,1,-1,8986.0,0.0,133,DONE,DONE,16.0
half_drainer,3,20029,1,v5,1,-1,5567.0,0.0,134,DONE,DONE,10.1
half_drainer,3,20025,1,v5,1,-1,8162.0,0.0,141,DONE,DONE,17.4
half_drainer,3,20027,1,v5,1,-1,2923.0,0.0,86,DONE,DONE,12.5
half_drainer,3,20028,0,v5,1,-1,3255.0,0.0,119,DONE,DONE,13.5
half_drainer,3,20030,0,v5,1,-1,2318.0,0.0,112,DONE,DONE,11.3
half_drainer,3,20026,0,v5,1,-1,4175.0,0.0,130,DONE,DONE,8.9
half_drainer,3,20036,0,v5,1,-1,1419.0,0.0,72,DONE,DONE,4.6
half_drainer,3,20034,0,v5,1,-1,5241.0,0.0,124,DONE,DONE,9.5
half_drainer,3,20031,1,v5,1,-1,3692.0,0.0,134,DONE,DONE,13.9
half_drainer,3,20033,1,v5,1,-1,1774.0,0.0,106,DONE,DONE,12.0
half_drainer,3,20032,0,v5,1,-1,4830.0,0.0,120,DONE,DONE,13.5
half_drainer,3,20037,1,v5,1,-1,3601.0,0.0,142,DONE,DONE,11.2
half_drainer,3,20039,1,v5,1,-1,2914.0,0.0,117,DONE,DONE,7.4
half_drainer,3,20035,1,v5,1,-1,3199.0,0.0,125,DONE,DONE,10.7
half_drainer,3,20038,0,v5,1,-1,4554.0,0.0,131,DONE,DONE,13.1
half_drainer,3,20042,0,v5,1,-1,4021.0,0.0,138,DONE,DONE,6.7
half_drainer,3,20040,0,v5,1,-1,2793.0,0.0,100,DONE,DONE,6.9
half_drainer,3,20043,1,v5,1,-1,4560.0,0.0,106,DONE,DONE,5.4
half_drainer,3,20044,0,v5,1,-1,4702.0,0.0,140,DONE,DONE,9.5
half_drainer,3,20047,1,v5,1,-1,4909.0,0.0,104,DONE,DONE,5.5
half_drainer,3,20041,1,v5,1,-1,4124.0,0.0,154,DONE,DONE,15.0
half_drainer,3,20050,0,v5,1,-1,2412.0,0.0,136,DONE,DONE,6.0
half_drainer,3,20048,0,v5,1,-1,6496.0,0.0,125,DONE,DONE,8.1
half_drainer,3,20049,1,v5,1,-1,4679.0,0.0,112,DONE,DONE,9.3
half_drainer,3,20045,1,v5,1,-1,4509.0,0.0,107,DONE,DONE,9.6
half_drainer,3,20052,0,v5,1,-1,3193.0,0.0,113,DONE,DONE,5.3
half_drainer,3,20053,1,v5,1,-1,5731.0,0.0,127,DONE,DONE,5.9
half_drainer,3,20046,0,v5,1,-1,4153.0,0.0,132,DONE,DONE,10.3
half_drainer,3,20051,1,v5,1,-1,4468.0,0.0,121,DONE,DONE,11.9
half_drainer,3,20054,0,v5,1,-1,6637.0,0.0,128,DONE,DONE,9.9
half_drainer,3,20055,1,v5,1,-1,2530.0,0.0,102,DONE,DONE,9.6
half_drainer,3,20056,0,v5,1,-1,5642.0,0.0,161,DONE,DONE,9.2
half_drainer,3,20057,1,v5,1,-1,3223.0,0.0,131,DONE,DONE,10.3
half_drainer,3,20058,0,v5,1,-1,1807.0,0.0,94,DONE,DONE,6.8
half_drainer,3,20062,0,v5,1,-1,2904.0,0.0,78,DONE,DONE,5.5
half_drainer,3,20060,0,v5,1,-1,4957.0,0.0,133,DONE,DONE,13.6
half_drainer,3,20059,1,v5,1,-1,2733.0,0.0,173,DONE,DONE,17.1
half_drainer,3,20065,1,v5,1,-1,3573.0,0.0,118,DONE,DONE,7.3
half_drainer,3,20061,1,v5,1,-1,6422.0,0.0,130,DONE,DONE,10.2
half_drainer,3,20064,0,v5,1,-1,4998.0,0.0,146,DONE,DONE,17.1
half_drainer,3,20069,1,v5,1,-1,5737.0,0.0,137,DONE,DONE,9.2
half_drainer,3,20067,1,v5,1,-1,1374.0,0.0,124,DONE,DONE,13.3
half_drainer,3,20066,0,v5,1,-1,4755.0,0.0,136,DONE,DONE,16.5
half_drainer,3,20063,1,v5,1,-1,8014.0,0.0,131,DONE,DONE,16.4
half_drainer,3,20068,0,v5,1,-1,3172.0,0.0,100,DONE,DONE,7.9
half_drainer,3,20070,0,v5,1,-1,2767.0,0.0,75,DONE,DONE,11.1
half_drainer,3,20075,1,v5,1,-1,3702.0,0.0,102,DONE,DONE,7.9
half_drainer,3,20071,1,v5,1,-1,4436.0,0.0,115,DONE,DONE,13.8
half_drainer,3,20074,0,v5,1,-1,2711.0,0.0,123,DONE,DONE,14.8
half_drainer,3,20077,1,v5,1,-1,4079.0,0.0,113,DONE,DONE,7.4
half_drainer,3,20073,1,v5,1,-1,4156.0,0.0,134,DONE,DONE,8.8
half_drainer,3,20076,0,v5,1,-1,4718.0,0.0,142,DONE,DONE,17.1
half_drainer,3,20078,0,v5,1,-1,2379.0,0.0,122,DONE,DONE,13.0
half_drainer,3,20081,1,v5,1,-1,1014.0,0.0,93,DONE,DONE,6.5
half_drainer,3,20072,0,v5,1,-1,5137.0,0.0,118,DONE,DONE,12.9
half_drainer,3,20079,1,v5,1,-1,3614.0,0.0,90,DONE,DONE,9.4
half_drainer,3,20080,0,v5,1,-1,4492.0,0.0,102,DONE,DONE,10.5
half_drainer,3,20084,0,v5,1,-1,2751.0,0.0,109,DONE,DONE,7.1
half_drainer,3,20085,1,v5,1,-1,5106.0,0.0,127,DONE,DONE,11.1
half_drainer,3,20083,1,v5,1,-1,3901.0,0.0,119,DONE,DONE,13.4
half_drainer,3,20088,0,v5,1,-1,2757.0,0.0,126,DONE,DONE,8.6
half_drainer,3,20091,1,v5,1,-1,2049.0,0.0,99,DONE,DONE,6.9
half_drainer,3,20089,1,v5,1,-1,5565.0,0.0,125,DONE,DONE,12.2
half_drainer,3,20082,0,v5,1,-1,3044.0,0.0,125,DONE,DONE,14.2
half_drainer,3,20086,0,v5,1,-1,7096.0,0.0,120,DONE,DONE,13.6
half_drainer,3,20087,1,v5,1,-1,5064.0,0.0,108,DONE,DONE,10.8
half_drainer,3,20092,0,v5,1,-1,1509.0,0.0,113,DONE,DONE,8.2
half_drainer,3,20090,0,v5,1,-1,7833.0,0.0,141,DONE,DONE,14.5
half_drainer,3,20094,0,v5,1,-1,4477.0,0.0,110,DONE,DONE,10.7
half_drainer,3,20097,1,v5,1,-1,1792.0,0.0,105,DONE,DONE,7.0
half_drainer,3,20096,0,v5,1,-1,2679.0,0.0,98,DONE,DONE,11.3
half_drainer,3,20098,0,v5,1,-1,6805.0,0.0,132,DONE,DONE,10.0
half_drainer,3,20100,0,v5,1,-1,2749.0,0.0,94,DONE,DONE,7.1
half_drainer,3,20095,1,v5,1,-1,4736.0,0.0,113,DONE,DONE,11.1
half_drainer,3,20093,1,v5,1,-1,3824.0,0.0,130,DONE,DONE,14.7
half_drainer,3,20101,1,v5,1,-1,6320.0,0.0,133,DONE,DONE,12.4
half_drainer,3,20102,0,v5,1,-1,3679.0,0.0,89,DONE,DONE,9.3
half_drainer,3,20107,1,v5,1,-1,1570.0,0.0,109,DONE,DONE,7.7
half_drainer,3,20106,0,v5,1,-1,4252.0,0.0,130,DONE,DONE,12.6
half_drainer,3,20105,1,v5,1,-1,3207.0,0.0,137,DONE,DONE,14.8
half_drainer,3,20103,1,v5,1,-1,2005.0,0.0,91,DONE,DONE,6.1
half_drainer,3,20104,0,v5,1,-1,5182.0,0.0,134,DONE,DONE,17.8
half_drainer,3,20099,1,v5,1,-1,1483.0,0.0,400,DONE,DONE,34.5
half_drainer,3,20110,0,v5,1,-1,2666.0,0.0,119,DONE,DONE,7.0
half_drainer,3,20113,1,v5,1,-1,1052.0,0.0,82,DONE,DONE,4.9
half_drainer,3,20109,1,v5,1,-1,2564.0,0.0,120,DONE,DONE,13.0
half_drainer,3,20111,1,v5,1,-1,3602.0,0.0,147,DONE,DONE,14.2
half_drainer,3,20108,0,v5,1,-1,1586.0,0.0,83,DONE,DONE,9.2
half_drainer,3,20115,1,v5,1,-1,2527.0,0.0,115,DONE,DONE,8.1
half_drainer,3,20114,0,v5,1,-1,3982.0,0.0,138,DONE,DONE,13.6
half_drainer,3,20112,0,v5,1,-1,1027.0,0.0,92,DONE,DONE,9.9
half_drainer,3,20117,1,v5,1,-1,3959.0,0.0,109,DONE,DONE,10.2
half_drainer,3,20119,1,v5,1,-1,1898.0,0.0,146,DONE,DONE,8.5
half_drainer,3,20118,0,v5,1,-1,2260.0,0.0,94,DONE,DONE,12.5
half_drainer,6,20001,1,v5,1,-1,3530.0,0.0,103,DONE,DONE,10.4
half_drainer,6,20000,0,v5,1,-1,746.0,0.0,124,DONE,DONE,8.2
half_drainer,6,20005,1,v5,1,-1,2237.0,0.0,124,DONE,DONE,8.1
half_drainer,6,20006,0,v5,1,-1,1630.0,0.0,115,DONE,DONE,7.5
half_drainer,3,20116,0,v5,1,-1,3980.0,0.0,240,DONE,DONE,22.6
half_drainer,6,20003,1,v5,1,-1,5479.0,0.0,135,DONE,DONE,16.2
half_drainer,6,20007,1,v5,1,-1,2728.0,0.0,121,DONE,DONE,7.5
half_drainer,6,20004,0,v5,1,-1,3283.0,0.0,118,DONE,DONE,9.6
half_drainer,6,20002,0,v5,1,-1,5847.0,0.0,140,DONE,DONE,13.9
half_drainer,6,20008,0,v5,1,-1,2647.0,0.0,105,DONE,DONE,10.0
half_drainer,6,20009,1,v5,1,-1,5843.0,0.0,127,DONE,DONE,9.9
half_drainer,6,20010,0,v5,1,-1,6484.0,0.0,131,DONE,DONE,13.2
half_drainer,6,20012,0,v5,1,-1,6196.0,0.0,134,DONE,DONE,8.1
half_drainer,6,20015,1,v5,1,-1,4431.0,0.0,119,DONE,DONE,7.7
half_drainer,6,20014,0,v5,1,-1,3833.0,0.0,109,DONE,DONE,10.3
half_drainer,6,20016,0,v5,1,-1,2404.0,0.0,135,DONE,DONE,6.5
half_drainer,6,20018,0,v5,1,-1,610.0,0.0,81,DONE,DONE,3.8
half_drainer,6,20013,1,v5,1,-1,3714.0,0.0,126,DONE,DONE,14.1
half_drainer,6,20011,1,v5,1,-1,5915.0,0.0,136,DONE,DONE,8.4
half_drainer,6,20019,1,v5,1,-1,784.0,0.0,100,DONE,DONE,7.7
half_drainer,6,20020,0,v5,1,-1,2118.0,0.0,118,DONE,DONE,9.7
half_drainer,6,20023,1,v5,1,-1,2912.0,0.0,145,DONE,DONE,8.6
half_drainer,6,20022,0,v5,1,-1,2456.0,0.0,111,DONE,DONE,5.2
half_drainer,6,20017,1,v5,1,-1,2284.0,0.0,115,DONE,DONE,8.8
half_drainer,6,20021,1,v5,1,-1,3082.0,0.0,126,DONE,DONE,6.0
half_drainer,6,20026,0,v5,1,-1,2415.0,0.0,74,DONE,DONE,5.1
half_drainer,6,20027,1,v5,1,-1,5267.0,0.0,118,DONE,DONE,6.0
half_drainer,6,20024,0,v5,1,-1,2590.0,0.0,98,DONE,DONE,8.6
half_drainer,6,20028,0,v5,1,-1,2675.0,0.0,127,DONE,DONE,10.0
half_drainer,6,20030,0,v5,1,-1,7785.0,0.0,135,DONE,DONE,6.1
half_drainer,6,20031,1,v5,1,-1,3574.0,0.0,118,DONE,DONE,6.5
half_drainer,6,20029,1,v5,1,-1,3024.0,0.0,111,DONE,DONE,10.9
half_drainer,6,20025,1,v5,1,-1,6674.0,0.0,123,DONE,DONE,9.5
half_drainer,6,20034,0,v5,1,-1,2702.0,0.0,75,DONE,DONE,4.0
half_drainer,6,20033,1,v5,1,-1,1867.0,0.0,139,DONE,DONE,8.6
half_drainer,6,20032,0,v5,1,-1,2613.0,0.0,87,DONE,DONE,5.7
half_drainer,6,20036,0,v5,1,-1,2427.0,0.0,105,DONE,DONE,9.8
half_drainer,6,20039,1,v5,1,-1,1778.0,0.0,133,DONE,DONE,8.1
half_drainer,6,20040,0,v5,1,-1,933.0,0.0,68,DONE,DONE,4.1
half_drainer,6,20037,1,v5,1,-1,4018.0,0.0,108,DONE,DONE,12.2
half_drainer,6,20041,1,v5,1,-1,4068.0,0.0,120,DONE,DONE,12.0
half_drainer,6,20035,1,v5,1,-1,4038.0,0.0,140,DONE,DONE,17.2
half_drainer,6,20038,0,v5,1,-1,1788.0,0.0,71,DONE,DONE,9.6
half_drainer,6,20042,0,v5,1,-1,2957.0,0.0,120,DONE,DONE,13.3
half_drainer,6,20043,1,v5,1,-1,3757.0,0.0,119,DONE,DONE,13.4
half_drainer,6,20044,0,v5,1,-1,3176.0,0.0,138,DONE,DONE,8.8
half_drainer,6,20045,1,v5,1,-1,4650.0,0.0,108,DONE,DONE,12.1
half_drainer,6,20048,0,v5,1,-1,2376.0,0.0,82,DONE,DONE,9.7
half_drainer,6,20049,1,v5,1,-1,1913.0,0.0,116,DONE,DONE,11.5
half_drainer,6,20046,0,v5,1,-1,4430.0,0.0,137,DONE,DONE,9.2
half_drainer,6,20047,1,v5,1,-1,5263.0,0.0,128,DONE,DONE,16.5
half_drainer,6,20050,0,v5,1,-1,3437.0,0.0,133,DONE,DONE,12.2
half_drainer,6,20051,1,v5,1,-1,1991.0,0.0,98,DONE,DONE,11.9
half_drainer,6,20053,1,v5,1,-1,1834.0,0.0,91,DONE,DONE,6.9
half_drainer,6,20058,0,v5,1,-1,1516.0,0.0,63,DONE,DONE,4.1
half_drainer,6,20054,0,v5,1,-1,7006.0,0.0,147,DONE,DONE,10.3
half_drainer,6,20055,1,v5,1,-1,2306.0,0.0,136,DONE,DONE,16.9
half_drainer,6,20052,0,v5,1,-1,2089.0,0.0,68,DONE,DONE,8.2
half_drainer,6,20056,0,v5,1,-1,5507.0,0.0,122,DONE,DONE,16.8
half_drainer,6,20059,1,v5,1,-1,5696.0,0.0,141,DONE,DONE,10.2
half_drainer,6,20057,1,v5,1,-1,7453.0,0.0,139,DONE,DONE,17.4
half_drainer,6,20063,1,v5,1,-1,2682.0,0.0,106,DONE,DONE,7.5
half_drainer,6,20061,1,v5,1,-1,2046.0,0.0,114,DONE,DONE,9.1
half_drainer,6,20062,0,v5,1,-1,6502.0,0.0,130,DONE,DONE,9.3
half_drainer,6,20060,0,v5,1,-1,4795.0,0.0,144,DONE,DONE,15.7
half_drainer,6,20066,0,v5,1,-1,3206.0,0.0,102,DONE,DONE,7.5
half_drainer,6,20070,0,v5,1,-1,2117.0,0.0,110,DONE,DONE,7.3
half_drainer,6,20067,1,v5,1,-1,7091.0,0.0,128,DONE,DONE,9.4
half_drainer,6,20064,0,v5,1,-1,2747.0,0.0,119,DONE,DONE,13.6
half_drainer,6,20069,1,v5,1,-1,3538.0,0.0,127,DONE,DONE,16.4
half_drainer,6,20068,0,v5,1,-1,1654.0,0.0,81,DONE,DONE,9.7
half_drainer,6,20072,0,v5,1,-1,2633.0,0.0,110,DONE,DONE,7.7
half_drainer,6,20065,1,v5,1,-1,7350.0,0.0,143,DONE,DONE,17.3
half_drainer,6,20071,1,v5,1,-1,3266.0,0.0,122,DONE,DONE,7.5
half_drainer,6,20076,0,v5,1,-1,2463.0,0.0,97,DONE,DONE,6.6
half_drainer,6,20073,1,v5,1,-1,3148.0,0.0,119,DONE,DONE,11.6
half_drainer,6,20075,1,v5,1,-1,1096.0,0.0,97,DONE,DONE,11.1
half_drainer,6,20074,0,v5,1,-1,4531.0,0.0,134,DONE,DONE,15.0
half_drainer,6,20079,1,v5,1,-1,1958.0,0.0,76,DONE,DONE,7.3
half_drainer,6,20078,0,v5,1,-1,2042.0,0.0,128,DONE,DONE,7.9
half_drainer,6,20077,1,v5,1,-1,4849.0,0.0,134,DONE,DONE,15.1
half_drainer,6,20080,0,v5,1,-1,1143.0,0.0,117,DONE,DONE,10.6
half_drainer,6,20082,0,v5,1,-1,2061.0,0.0,70,DONE,DONE,6.1
half_drainer,6,20087,1,v5,1,-1,2325.0,0.0,98,DONE,DONE,6.6
half_drainer,6,20081,1,v5,1,-1,5213.0,0.0,124,DONE,DONE,18.0
half_drainer,6,20084,0,v5,1,-1,3530.0,0.0,110,DONE,DONE,12.0
half_drainer,6,20085,1,v5,1,-1,6922.0,0.0,132,DONE,DONE,10.9
half_drainer,6,20083,1,v5,1,-1,3019.0,0.0,107,DONE,DONE,11.7
half_drainer,6,20089,1,v5,1,-1,4247.0,0.0,120,DONE,DONE,9.0
half_drainer,6,20086,0,v5,1,-1,1073.0,0.0,88,DONE,DONE,10.5
half_drainer,6,20088,0,v5,1,-1,4555.0,0.0,140,DONE,DONE,11.3
half_drainer,6,20091,1,v5,1,-1,1919.0,0.0,102,DONE,DONE,7.3
half_drainer,6,20092,0,v5,1,-1,4642.0,0.0,124,DONE,DONE,15.6
half_drainer,6,20093,1,v5,1,-1,3848.0,0.0,138,DONE,DONE,13.6
half_drainer,6,20090,0,v5,1,-1,5097.0,0.0,133,DONE,DONE,16.4
half_drainer,6,20095,1,v5,1,-1,2524.0,0.0,125,DONE,DONE,8.3
half_drainer,6,20096,0,v5,1,-1,1897.0,0.0,123,DONE,DONE,9.5
half_drainer,6,20094,0,v5,1,-1,1162.0,0.0,107,DONE,DONE,11.9
half_drainer,6,20100,0,v5,1,-1,6137.0,0.0,148,DONE,DONE,7.4
half_drainer,6,20101,1,v5,1,-1,1559.0,0.0,105,DONE,DONE,6.0
half_drainer,6,20097,1,v5,1,-1,3744.0,0.0,123,DONE,DONE,14.2
half_drainer,6,20099,1,v5,1,-1,3206.0,0.0,129,DONE,DONE,12.5
half_drainer,6,20098,0,v5,1,-1,7630.0,0.0,147,DONE,DONE,18.1
half_drainer,6,20104,0,v5,1,-1,3107.0,0.0,127,DONE,DONE,9.0
half_drainer,6,20103,1,v5,1,-1,6225.0,0.0,121,DONE,DONE,10.8
half_drainer,6,20102,0,v5,1,-1,3862.0,0.0,134,DONE,DONE,14.2
half_drainer,6,20106,0,v5,1,-1,6015.0,0.0,132,DONE,DONE,17.4
half_drainer,6,20108,0,v5,1,-1,5493.0,0.0,131,DONE,DONE,8.8
half_drainer,6,20105,1,v5,1,-1,4404.0,0.0,151,DONE,DONE,19.4
half_drainer,6,20107,1,v5,1,-1,4442.0,0.0,146,DONE,DONE,16.1
half_drainer,6,20110,0,v5,1,-1,3262.0,0.0,110,DONE,DONE,14.2
half_drainer,6,20109,1,v5,1,-1,3925.0,0.0,114,DONE,DONE,10.8
half_drainer,6,20111,1,v5,1,-1,5565.0,0.0,124,DONE,DONE,16.4
half_drainer,6,20112,0,v5,1,-1,1935.0,0.0,102,DONE,DONE,7.7
half_drainer,6,20113,1,v5,1,-1,2166.0,0.0,133,DONE,DONE,10.1
half_drainer,6,20115,1,v5,1,-1,1163.0,0.0,139,DONE,DONE,13.2
half_drainer,6,20116,0,v5,1,-1,2062.0,0.0,125,DONE,DONE,13.3
half_drainer,6,20117,1,v5,1,-1,1991.0,0.0,109,DONE,DONE,9.4
half_drainer,6,20114,0,v5,1,-1,4824.0,0.0,129,DONE,DONE,9.6
half_drainer,6,20119,1,v5,1,-1,3988.0,0.0,122,DONE,DONE,8.5
half_drainer,6,20118,0,v5,1,-1,3065.0,0.0,100,DONE,DONE,4.4
